[{"model": "contenttypes.contenttype", "pk": 1, "fields": {"app_label": "admin", "model": "logentry"}}, {"model": "contenttypes.contenttype", "pk": 2, "fields": {"app_label": "auth", "model": "permission"}}, {"model": "contenttypes.contenttype", "pk": 3, "fields": {"app_label": "auth", "model": "group"}}, {"model": "contenttypes.contenttype", "pk": 4, "fields": {"app_label": "auth", "model": "user"}}, {"model": "contenttypes.contenttype", "pk": 5, "fields": {"app_label": "contenttypes", "model": "contenttype"}}, {"model": "contenttypes.contenttype", "pk": 6, "fields": {"app_label": "sessions", "model": "session"}}, {"model": "contenttypes.contenttype", "pk": 7, "fields": {"app_label": "blog", "model": "blog"}}, {"model": "contenttypes.contenttype", "pk": 8, "fields": {"app_label": "blog", "model": "blogtype"}}, {"model": "contenttypes.contenttype", "pk": 9, "fields": {"app_label": "blog", "model": "readnum"}}, {"model": "contenttypes.contenttype", "pk": 10, "fields": {"app_label": "read_statistics", "model": "readnum"}}, {"model": "contenttypes.contenttype", "pk": 11, "fields": {"app_label": "read_statistics", "model": "readdetail"}}, {"model": "contenttypes.contenttype", "pk": 12, "fields": {"app_label": "comment", "model": "comment"}}, {"model": "sessions.session", "pk": "4io575on7vqbelt40wm43lhwzvwmb6j0", "fields": {"session_data": "YzIwMjliOTk5MDFjYWQxODA2M2UzNjA2NDYzYTc0YjBmYzBhNmU1ZTp7Il9hdXRoX3VzZXJfaWQiOiIxIiwiX2F1dGhfdXNlcl9iYWNrZW5kIjoiZGphbmdvLmNvbnRyaWIuYXV0aC5iYWNrZW5kcy5Nb2RlbEJhY2tlbmQiLCJfYXV0aF91c2VyX2hhc2giOiI1YTQ5YTI4MDkyMThkZWJmYWEyNGRmM2JiNjg0NDI2N2IxMTE4YjcxIn0=", "expire_date": "2019-01-03T07:49:06.387Z"}}, {"model": "sessions.session", "pk": "5s39pubgd0irn1wahqxuwrpjlfgb10mo", "fields": {"session_data": "ZDBhZjI2ZjU2NjE2NTUyODk0MWRmZDkyMTQ0ZDdkMjIwYTAzMjk0NTp7Il9hdXRoX3VzZXJfaWQiOiIyIiwiX2F1dGhfdXNlcl9iYWNrZW5kIjoiZGphbmdvLmNvbnRyaWIuYXV0aC5iYWNrZW5kcy5Nb2RlbEJhY2tlbmQiLCJfYXV0aF91c2VyX2hhc2giOiI0YTFiZDBkMmY3Y2ZmZmM3MmMyZGQ3MWFlNThlNzBlNGZjNjA3YjFkIn0=", "expire_date": "2018-10-05T00:30:14.621Z"}}, {"model": "sessions.session", "pk": "99w6rbkhk8advdyxk1agpebnjbwqbz77", "fields": {"session_data": "OThjN2Q0Y2UyMzNlM2Q4Y2JlY2ZkMmExODhhMDViY2Q3NjFkNTA4Zjp7fQ==", "expire_date": "2018-10-04T13:20:06.244Z"}}, {"model": "sessions.session", "pk": "9dgpd0lyxy2dx5za1krag7a3mldpbggx", "fields": {"session_data": "YzIwMjliOTk5MDFjYWQxODA2M2UzNjA2NDYzYTc0YjBmYzBhNmU1ZTp7Il9hdXRoX3VzZXJfaWQiOiIxIiwiX2F1dGhfdXNlcl9iYWNrZW5kIjoiZGphbmdvLmNvbnRyaWIuYXV0aC5iYWNrZW5kcy5Nb2RlbEJhY2tlbmQiLCJfYXV0aF91c2VyX2hhc2giOiI1YTQ5YTI4MDkyMThkZWJmYWEyNGRmM2JiNjg0NDI2N2IxMTE4YjcxIn0=", "expire_date": "2018-11-15T07:53:00.678Z"}}, {"model": "sessions.session", "pk": "d9yhihag30bg2sj93o5uwotwdntvmzi9", "fields": {"session_data": "OThjN2Q0Y2UyMzNlM2Q4Y2JlY2ZkMmExODhhMDViY2Q3NjFkNTA4Zjp7fQ==", "expire_date": "2018-10-05T00:10:10.584Z"}}, {"model": "sessions.session", "pk": "e3m7htpc7mazjqdmp6nhu3aok4qrf3cc", "fields": {"session_data": "YzIwMjliOTk5MDFjYWQxODA2M2UzNjA2NDYzYTc0YjBmYzBhNmU1ZTp7Il9hdXRoX3VzZXJfaWQiOiIxIiwiX2F1dGhfdXNlcl9iYWNrZW5kIjoiZGphbmdvLmNvbnRyaWIuYXV0aC5iYWNrZW5kcy5Nb2RlbEJhY2tlbmQiLCJfYXV0aF91c2VyX2hhc2giOiI1YTQ5YTI4MDkyMThkZWJmYWEyNGRmM2JiNjg0NDI2N2IxMTE4YjcxIn0=", "expire_date": "2018-09-25T23:59:55.193Z"}}, {"model": "sessions.session", "pk": "ls5by2dj84cve7l7nng6511trcvwkc8v", "fields": {"session_data": "OThjN2Q0Y2UyMzNlM2Q4Y2JlY2ZkMmExODhhMDViY2Q3NjFkNTA4Zjp7fQ==", "expire_date": "2018-10-04T13:18:17.345Z"}}, {"model": "sessions.session", "pk": "marohn0wsj19ymadx1xqrs1ky23hp5kn", "fields": {"session_data": "OThjN2Q0Y2UyMzNlM2Q4Y2JlY2ZkMmExODhhMDViY2Q3NjFkNTA4Zjp7fQ==", "expire_date": "2018-10-05T00:11:16.800Z"}}, {"model": "sessions.session", "pk": "zxb2o3npx44ggf48l2tyiuobe7e17awq", "fields": {"session_data": "YzIwMjliOTk5MDFjYWQxODA2M2UzNjA2NDYzYTc0YjBmYzBhNmU1ZTp7Il9hdXRoX3VzZXJfaWQiOiIxIiwiX2F1dGhfdXNlcl9iYWNrZW5kIjoiZGphbmdvLmNvbnRyaWIuYXV0aC5iYWNrZW5kcy5Nb2RlbEJhY2tlbmQiLCJfYXV0aF91c2VyX2hhc2giOiI1YTQ5YTI4MDkyMThkZWJmYWEyNGRmM2JiNjg0NDI2N2IxMTE4YjcxIn0=", "expire_date": "2018-09-29T02:48:55.506Z"}}, {"model": "blog.blogtype", "pk": 1, "fields": {"type_name": "\u535a\u5ba2"}}, {"model": "blog.blogtype", "pk": 2, "fields": {"type_name": "\u968f\u7b14"}}, {"model": "blog.blogtype", "pk": 3, "fields": {"type_name": "\u611f\u609f"}}, {"model": "read_statistics.readnum", "pk": 1, "fields": {"read_num": 18, "content_type": 7, "object_id": 37}}, {"model": "read_statistics.readnum", "pk": 2, "fields": {"read_num": 2, "content_type": 7, "object_id": 36}}, {"model": "read_statistics.readnum", "pk": 3, "fields": {"read_num": 4, "content_type": 7, "object_id": 35}}, {"model": "read_statistics.readnum", "pk": 4, "fields": {"read_num": 5, "content_type": 7, "object_id": 34}}, {"model": "read_statistics.readnum", "pk": 5, "fields": {"read_num": 2, "content_type": 7, "object_id": 33}}, {"model": "read_statistics.readnum", "pk": 6, "fields": {"read_num": 1, "content_type": 7, "object_id": 1}}, {"model": "read_statistics.readnum", "pk": 7, "fields": {"read_num": 1, "content_type": 7, "object_id": 2}}, {"model": "read_statistics.readnum", "pk": 8, "fields": {"read_num": 1, "content_type": 7, "object_id": 6}}, {"model": "read_statistics.readnum", "pk": 9, "fields": {"read_num": 1, "content_type": 7, "object_id": 38}}, {"model": "read_statistics.readdetail", "pk": 1, "fields": {"date": "2018-09-12T11:42:00Z", "read_num": 11, "content_type": 7, "object_id": 37}}, {"model": "read_statistics.readdetail", "pk": 2, "fields": {"date": "2018-09-15T11:43:00Z", "read_num": 7, "content_type": 7, "object_id": 36}}, {"model": "read_statistics.readdetail", "pk": 3, "fields": {"date": "2018-09-13T00:00:00Z", "read_num": 9, "content_type": 7, "object_id": 36}}, {"model": "read_statistics.readdetail", "pk": 4, "fields": {"date": "2018-09-14T00:00:00Z", "read_num": 18, "content_type": 7, "object_id": 35}}, {"model": "read_statistics.readdetail", "pk": 5, "fields": {"date": "2018-09-17T00:00:00Z", "read_num": 1, "content_type": 7, "object_id": 33}}, {"model": "read_statistics.readdetail", "pk": 6, "fields": {"date": "2018-09-16T00:00:00Z", "read_num": 10, "content_type": 7, "object_id": 34}}, {"model": "read_statistics.readdetail", "pk": 7, "fields": {"date": "2018-09-15T00:00:00Z", "read_num": 5, "content_type": 7, "object_id": 37}}, {"model": "read_statistics.readdetail", "pk": 8, "fields": {"date": "2018-09-11T12:49:00Z", "read_num": 7, "content_type": 7, "object_id": 1}}, {"model": "read_statistics.readdetail", "pk": 9, "fields": {"date": "2018-09-10T12:49:00Z", "read_num": 5, "content_type": 7, "object_id": 2}}, {"model": "read_statistics.readdetail", "pk": 10, "fields": {"date": "2018-09-09T12:49:00Z", "read_num": 7, "content_type": 7, "object_id": 4}}, {"model": "read_statistics.readdetail", "pk": 11, "fields": {"date": "2018-09-17T00:00:00Z", "read_num": 1, "content_type": 7, "object_id": 1}}, {"model": "read_statistics.readdetail", "pk": 12, "fields": {"date": "2018-09-17T00:00:00Z", "read_num": 1, "content_type": 7, "object_id": 2}}, {"model": "read_statistics.readdetail", "pk": 13, "fields": {"date": "2018-09-17T00:00:00Z", "read_num": 1, "content_type": 7, "object_id": 6}}, {"model": "read_statistics.readdetail", "pk": 14, "fields": {"date": "2018-09-17T00:00:00Z", "read_num": 1, "content_type": 7, "object_id": 37}}, {"model": "read_statistics.readdetail", "pk": 15, "fields": {"date": "2018-09-18T00:00:00Z", "read_num": 2, "content_type": 7, "object_id": 34}}, {"model": "read_statistics.readdetail", "pk": 16, "fields": {"date": "2018-09-18T00:00:00Z", "read_num": 1, "content_type": 7, "object_id": 33}}, {"model": "read_statistics.readdetail", "pk": 17, "fields": {"date": "2018-09-18T00:00:00Z", "read_num": 1, "content_type": 7, "object_id": 37}}, {"model": "read_statistics.readdetail", "pk": 18, "fields": {"date": "2018-09-19T00:00:00Z", "read_num": 1, "content_type": 7, "object_id": 35}}, {"model": "read_statistics.readdetail", "pk": 19, "fields": {"date": "2018-09-19T00:00:00Z", "read_num": 1, "content_type": 7, "object_id": 37}}, {"model": "read_statistics.readdetail", "pk": 20, "fields": {"date": "2018-09-20T00:00:00Z", "read_num": 1, "content_type": 7, "object_id": 37}}, {"model": "read_statistics.readdetail", "pk": 21, "fields": {"date": "2018-09-20T00:00:00Z", "read_num": 1, "content_type": 7, "object_id": 35}}, {"model": "read_statistics.readdetail", "pk": 22, "fields": {"date": "2018-09-21T00:00:00Z", "read_num": 1, "content_type": 7, "object_id": 34}}, {"model": "read_statistics.readdetail", "pk": 23, "fields": {"date": "2018-09-25T00:00:00Z", "read_num": 1, "content_type": 7, "object_id": 37}}, {"model": "read_statistics.readdetail", "pk": 24, "fields": {"date": "2018-11-01T00:00:00Z", "read_num": 1, "content_type": 7, "object_id": 38}}, {"model": "auth.permission", "pk": 1, "fields": {"name": "Can add log entry", "content_type": 1, "codename": "add_logentry"}}, {"model": "auth.permission", "pk": 2, "fields": {"name": "Can change log entry", "content_type": 1, "codename": "change_logentry"}}, {"model": "auth.permission", "pk": 3, "fields": {"name": "Can delete log entry", "content_type": 1, "codename": "delete_logentry"}}, {"model": "auth.permission", "pk": 4, "fields": {"name": "Can view log entry", "content_type": 1, "codename": "view_logentry"}}, {"model": "auth.permission", "pk": 5, "fields": {"name": "Can add permission", "content_type": 2, "codename": "add_permission"}}, {"model": "auth.permission", "pk": 6, "fields": {"name": "Can change permission", "content_type": 2, "codename": "change_permission"}}, {"model": "auth.permission", "pk": 7, "fields": {"name": "Can delete permission", "content_type": 2, "codename": "delete_permission"}}, {"model": "auth.permission", "pk": 8, "fields": {"name": "Can view permission", "content_type": 2, "codename": "view_permission"}}, {"model": "auth.permission", "pk": 9, "fields": {"name": "Can add group", "content_type": 3, "codename": "add_group"}}, {"model": "auth.permission", "pk": 10, "fields": {"name": "Can change group", "content_type": 3, "codename": "change_group"}}, {"model": "auth.permission", "pk": 11, "fields": {"name": "Can delete group", "content_type": 3, "codename": "delete_group"}}, {"model": "auth.permission", "pk": 12, "fields": {"name": "Can view group", "content_type": 3, "codename": "view_group"}}, {"model": "auth.permission", "pk": 13, "fields": {"name": "Can add user", "content_type": 4, "codename": "add_user"}}, {"model": "auth.permission", "pk": 14, "fields": {"name": "Can change user", "content_type": 4, "codename": "change_user"}}, {"model": "auth.permission", "pk": 15, "fields": {"name": "Can delete user", "content_type": 4, "codename": "delete_user"}}, {"model": "auth.permission", "pk": 16, "fields": {"name": "Can view user", "content_type": 4, "codename": "view_user"}}, {"model": "auth.permission", "pk": 17, "fields": {"name": "Can add content type", "content_type": 5, "codename": "add_contenttype"}}, {"model": "auth.permission", "pk": 18, "fields": {"name": "Can change content type", "content_type": 5, "codename": "change_contenttype"}}, {"model": "auth.permission", "pk": 19, "fields": {"name": "Can delete content type", "content_type": 5, "codename": "delete_contenttype"}}, {"model": "auth.permission", "pk": 20, "fields": {"name": "Can view content type", "content_type": 5, "codename": "view_contenttype"}}, {"model": "auth.permission", "pk": 21, "fields": {"name": "Can add session", "content_type": 6, "codename": "add_session"}}, {"model": "auth.permission", "pk": 22, "fields": {"name": "Can change session", "content_type": 6, "codename": "change_session"}}, {"model": "auth.permission", "pk": 23, "fields": {"name": "Can delete session", "content_type": 6, "codename": "delete_session"}}, {"model": "auth.permission", "pk": 24, "fields": {"name": "Can view session", "content_type": 6, "codename": "view_session"}}, {"model": "auth.permission", "pk": 25, "fields": {"name": "Can add blog", "content_type": 7, "codename": "add_blog"}}, {"model": "auth.permission", "pk": 26, "fields": {"name": "Can change blog", "content_type": 7, "codename": "change_blog"}}, {"model": "auth.permission", "pk": 27, "fields": {"name": "Can delete blog", "content_type": 7, "codename": "delete_blog"}}, {"model": "auth.permission", "pk": 28, "fields": {"name": "Can view blog", "content_type": 7, "codename": "view_blog"}}, {"model": "auth.permission", "pk": 29, "fields": {"name": "Can add blog type", "content_type": 8, "codename": "add_blogtype"}}, {"model": "auth.permission", "pk": 30, "fields": {"name": "Can change blog type", "content_type": 8, "codename": "change_blogtype"}}, {"model": "auth.permission", "pk": 31, "fields": {"name": "Can delete blog type", "content_type": 8, "codename": "delete_blogtype"}}, {"model": "auth.permission", "pk": 32, "fields": {"name": "Can view blog type", "content_type": 8, "codename": "view_blogtype"}}, {"model": "auth.permission", "pk": 33, "fields": {"name": "Can add read num", "content_type": 9, "codename": "add_readnum"}}, {"model": "auth.permission", "pk": 34, "fields": {"name": "Can change read num", "content_type": 9, "codename": "change_readnum"}}, {"model": "auth.permission", "pk": 35, "fields": {"name": "Can delete read num", "content_type": 9, "codename": "delete_readnum"}}, {"model": "auth.permission", "pk": 36, "fields": {"name": "Can view read num", "content_type": 9, "codename": "view_readnum"}}, {"model": "auth.permission", "pk": 37, "fields": {"name": "Can add read num", "content_type": 10, "codename": "add_readnum"}}, {"model": "auth.permission", "pk": 38, "fields": {"name": "Can change read num", "content_type": 10, "codename": "change_readnum"}}, {"model": "auth.permission", "pk": 39, "fields": {"name": "Can delete read num", "content_type": 10, "codename": "delete_readnum"}}, {"model": "auth.permission", "pk": 40, "fields": {"name": "Can view read num", "content_type": 10, "codename": "view_readnum"}}, {"model": "auth.permission", "pk": 41, "fields": {"name": "Can add read detail", "content_type": 11, "codename": "add_readdetail"}}, {"model": "auth.permission", "pk": 42, "fields": {"name": "Can change read detail", "content_type": 11, "codename": "change_readdetail"}}, {"model": "auth.permission", "pk": 43, "fields": {"name": "Can delete read detail", "content_type": 11, "codename": "delete_readdetail"}}, {"model": "auth.permission", "pk": 44, "fields": {"name": "Can view read detail", "content_type": 11, "codename": "view_readdetail"}}, {"model": "auth.permission", "pk": 45, "fields": {"name": "Can add comment", "content_type": 12, "codename": "add_comment"}}, {"model": "auth.permission", "pk": 46, "fields": {"name": "Can change comment", "content_type": 12, "codename": "change_comment"}}, {"model": "auth.permission", "pk": 47, "fields": {"name": "Can delete comment", "content_type": 12, "codename": "delete_comment"}}, {"model": "auth.permission", "pk": 48, "fields": {"name": "Can view comment", "content_type": 12, "codename": "view_comment"}}, {"model": "auth.user", "pk": 1, "fields": {"password": "pbkdf2_sha256$120000$TUxENUPitUHD$PtKheY2hPORY4GJJ+DAICrnvpMPjo5edQH2pOMFHU0E=", "last_login": "2018-12-20T07:49:06.308Z", "is_superuser": true, "username": "ltf", "first_name": "", "last_name": "", "email": "", "is_staff": true, "is_active": true, "date_joined": "2018-09-11T23:54:03.047Z", "groups": [], "user_permissions": []}}, {"model": "auth.user", "pk": 2, "fields": {"password": "pbkdf2_sha256$120000$0iFewr1pwF6D$H4uNCc0eOn6SYXQAGHbdDVZxa8Y3S7dcRKaCmeobu/s=", "last_login": "2018-09-21T00:30:14.554Z", "is_superuser": false, "username": "ltf1", "first_name": "", "last_name": "", "email": "867758386@qq.com", "is_staff": false, "is_active": true, "date_joined": "2018-09-21T00:30:13.944Z", "groups": [], "user_permissions": []}}, {"model": "blog.blog", "pk": 1, "fields": {"title": "\u7b2c\u4e00\u7bc7\u535a\u5ba2", "blog_type": 1, "content": "<h2><img alt=\"\" src=\"/media/upload/2018/09/15/favicon.ico\" style=\"height:64px; width:64px\" />1-\u6d4b\u8bd5</h2>\r\n\r\n<p>\u7b2c\u4e00\u6b21\u4f7f\u7528Django\u7f16\u8f91web\u5f00\u53d1</p>\r\n\r\n<p><span style=\"color:#16a085\">\u54c8\u54c8\u54c8\uff0c\u4f60\u5927\u7237</span></p>", "author": 1, "created_time": "2018-09-12T00:03:23.123Z", "last_updated_time": "2018-09-15T03:07:57.534Z"}}, {"model": "blog.blog", "pk": 2, "fields": {"title": "\u7b2c\u4e8c\u7bc7\u535a\u5ba2", "blog_type": 3, "content": "Django\u662f\u4e00\u4e2a\u57fa\u4e8epython\u7684\u5f00\u53d1web\u7684\u7279\u522b\u4f18\u826f\u7684\u6a21\u5757", "author": 1, "created_time": "2018-09-12T00:04:00.874Z", "last_updated_time": "2018-09-12T00:04:00.874Z"}}, {"model": "blog.blog", "pk": 3, "fields": {"title": "\u7b2c\u4e09\u7bc7\u535a\u5ba2", "blog_type": 2, "content": "\u4eca\u65e9\u8d77\u5e8a\u6253\u5f00\u7a97\uff0c\u9633\u5149\u7f8e\u7f8e\u54d2\r\n\u4f60\u7684\u7b11\u5bb9\u5728\u5fc3\u95f4\uff0c\u611f\u89c9\u7f8e\u7f8e\u54d2", "author": 1, "created_time": "2018-09-12T00:29:04.435Z", "last_updated_time": "2018-09-12T00:29:04.435Z"}}, {"model": "blog.blog", "pk": 4, "fields": {"title": "\u7b2c\u56db\u7bc7\u535a\u5ba2", "blog_type": 1, "content": "\u770b\u4e00\u770b\u5206\u7ec4\u6709\u6ca1\u6709\u6210\u529f", "author": 1, "created_time": "2018-09-12T10:18:53.418Z", "last_updated_time": "2018-09-12T10:18:53.418Z"}}, {"model": "blog.blog", "pk": 5, "fields": {"title": "\u968f\u7b14\u4e8c", "blog_type": 2, "content": "\u54c8\u54c8\u54c8\u54c8\u54c8\u54c8\u54c8\u54c8\u54c8", "author": 1, "created_time": "2018-09-12T10:19:42.820Z", "last_updated_time": "2018-09-12T10:19:42.820Z"}}, {"model": "blog.blog", "pk": 6, "fields": {"title": "\u5b66\u4e60Django\u7684\u611f\u89c9", "blog_type": 1, "content": "bootstrip\u662f\u4e00\u4e2a\u975e\u5e38\u597d\u7528\u7684css\u6587\u6863 \uff0c\u786e\u5b9e\u5f88\u68d2 \u54c8\u54c8\u54c8\u54c8", "author": 1, "created_time": "2018-09-14T00:29:34.468Z", "last_updated_time": "2018-09-14T00:29:34.468Z"}}, {"model": "blog.blog", "pk": 7, "fields": {"title": "shell\u4e0b\u7b2c\u4e00\u7bc7", "blog_type": 1, "content": "xxxxxx", "author": 1, "created_time": "2018-09-14T00:42:05.156Z", "last_updated_time": "2018-09-14T00:42:05.156Z"}}, {"model": "blog.blog", "pk": 8, "fields": {"title": "for 1\u7bc7 ", "blog_type": 1, "content": "xxxxxxxxxx:1", "author": 1, "created_time": "2018-09-14T00:49:10.375Z", "last_updated_time": "2018-09-14T00:49:10.375Z"}}, {"model": "blog.blog", "pk": 9, "fields": {"title": "for 2\u7bc7 ", "blog_type": 1, "content": "xxxxxxxxxx:2", "author": 1, "created_time": "2018-09-14T00:49:10.509Z", "last_updated_time": "2018-09-14T00:49:10.509Z"}}, {"model": "blog.blog", "pk": 10, "fields": {"title": "for 3\u7bc7 ", "blog_type": 1, "content": "xxxxxxxxxx:3", "author": 1, "created_time": "2018-09-14T00:49:10.614Z", "last_updated_time": "2018-09-14T00:49:10.614Z"}}, {"model": "blog.blog", "pk": 11, "fields": {"title": "for 4\u7bc7 ", "blog_type": 1, "content": "xxxxxxxxxx:4", "author": 1, "created_time": "2018-09-14T00:49:10.735Z", "last_updated_time": "2018-09-14T00:49:10.735Z"}}, {"model": "blog.blog", "pk": 12, "fields": {"title": "for 5\u7bc7 ", "blog_type": 1, "content": "xxxxxxxxxx:5", "author": 1, "created_time": "2018-09-14T00:49:10.835Z", "last_updated_time": "2018-09-14T00:49:10.835Z"}}, {"model": "blog.blog", "pk": 13, "fields": {"title": "for 6\u7bc7 ", "blog_type": 1, "content": "xxxxxxxxxx:6", "author": 1, "created_time": "2018-09-14T00:49:10.924Z", "last_updated_time": "2018-09-14T00:49:10.924Z"}}, {"model": "blog.blog", "pk": 14, "fields": {"title": "for 7\u7bc7 ", "blog_type": 1, "content": "xxxxxxxxxx:7", "author": 1, "created_time": "2018-09-14T00:49:11.024Z", "last_updated_time": "2018-09-14T00:49:11.024Z"}}, {"model": "blog.blog", "pk": 15, "fields": {"title": "for 8\u7bc7 ", "blog_type": 1, "content": "xxxxxxxxxx:8", "author": 1, "created_time": "2018-09-14T00:49:11.123Z", "last_updated_time": "2018-09-14T00:49:11.123Z"}}, {"model": "blog.blog", "pk": 16, "fields": {"title": "for 9\u7bc7 ", "blog_type": 1, "content": "xxxxxxxxxx:9", "author": 1, "created_time": "2018-09-14T00:49:11.223Z", "last_updated_time": "2018-09-14T00:49:11.223Z"}}, {"model": "blog.blog", "pk": 17, "fields": {"title": "for 10\u7bc7 ", "blog_type": 1, "content": "xxxxxxxxxx:10", "author": 1, "created_time": "2018-09-14T00:49:11.322Z", "last_updated_time": "2018-09-14T00:49:11.322Z"}}, {"model": "blog.blog", "pk": 18, "fields": {"title": "for 11\u7bc7 ", "blog_type": 1, "content": "xxxxxxxxxx:11", "author": 1, "created_time": "2018-09-14T00:49:11.422Z", "last_updated_time": "2018-09-14T00:49:11.422Z"}}, {"model": "blog.blog", "pk": 19, "fields": {"title": "for 12\u7bc7 ", "blog_type": 1, "content": "xxxxxxxxxx:12", "author": 1, "created_time": "2018-09-14T00:49:11.511Z", "last_updated_time": "2018-09-14T00:49:11.511Z"}}, {"model": "blog.blog", "pk": 20, "fields": {"title": "for 13\u7bc7 ", "blog_type": 1, "content": "xxxxxxxxxx:13", "author": 1, "created_time": "2018-09-14T00:49:11.599Z", "last_updated_time": "2018-09-14T00:49:11.599Z"}}, {"model": "blog.blog", "pk": 21, "fields": {"title": "for 14\u7bc7 ", "blog_type": 1, "content": "xxxxxxxxxx:14", "author": 1, "created_time": "2018-09-14T00:49:11.690Z", "last_updated_time": "2018-09-14T00:49:11.690Z"}}, {"model": "blog.blog", "pk": 22, "fields": {"title": "for 15\u7bc7 ", "blog_type": 1, "content": "xxxxxxxxxx:15", "author": 1, "created_time": "2018-09-14T00:49:11.777Z", "last_updated_time": "2018-09-14T00:49:11.777Z"}}, {"model": "blog.blog", "pk": 23, "fields": {"title": "for 16\u7bc7 ", "blog_type": 1, "content": "xxxxxxxxxx:16", "author": 1, "created_time": "2018-09-14T00:49:11.865Z", "last_updated_time": "2018-09-14T00:49:11.865Z"}}, {"model": "blog.blog", "pk": 24, "fields": {"title": "for 17\u7bc7 ", "blog_type": 1, "content": "xxxxxxxxxx:17", "author": 1, "created_time": "2018-09-14T00:49:11.954Z", "last_updated_time": "2018-09-14T00:49:11.954Z"}}, {"model": "blog.blog", "pk": 25, "fields": {"title": "for 18\u7bc7 ", "blog_type": 1, "content": "xxxxxxxxxx:18", "author": 1, "created_time": "2018-09-14T00:49:12.054Z", "last_updated_time": "2018-09-14T00:49:12.054Z"}}, {"model": "blog.blog", "pk": 26, "fields": {"title": "for 19\u7bc7 ", "blog_type": 1, "content": "xxxxxxxxxx:19", "author": 1, "created_time": "2018-09-14T00:49:12.208Z", "last_updated_time": "2018-09-14T00:49:12.208Z"}}, {"model": "blog.blog", "pk": 27, "fields": {"title": "for 20\u7bc7 ", "blog_type": 1, "content": "xxxxxxxxxx:20", "author": 1, "created_time": "2018-09-14T00:49:12.367Z", "last_updated_time": "2018-09-14T00:49:12.367Z"}}, {"model": "blog.blog", "pk": 28, "fields": {"title": "for 21\u7bc7 ", "blog_type": 1, "content": "xxxxxxxxxx:21", "author": 1, "created_time": "2018-09-14T00:49:12.463Z", "last_updated_time": "2018-09-14T00:49:12.463Z"}}, {"model": "blog.blog", "pk": 29, "fields": {"title": "for 22\u7bc7 ", "blog_type": 1, "content": "xxxxxxxxxx:22", "author": 1, "created_time": "2018-09-14T00:49:12.579Z", "last_updated_time": "2018-09-14T00:49:12.579Z"}}, {"model": "blog.blog", "pk": 30, "fields": {"title": "for 23\u7bc7 ", "blog_type": 1, "content": "xxxxxxxxxx:23", "author": 1, "created_time": "2018-09-14T00:49:12.673Z", "last_updated_time": "2018-09-14T00:49:12.673Z"}}, {"model": "blog.blog", "pk": 31, "fields": {"title": "for 24\u7bc7 ", "blog_type": 1, "content": "xxxxxxxxxx:24", "author": 1, "created_time": "2018-09-14T00:49:12.773Z", "last_updated_time": "2018-09-14T00:49:12.773Z"}}, {"model": "blog.blog", "pk": 32, "fields": {"title": "for 25\u7bc7 ", "blog_type": 1, "content": "xxxxxxxxxx:25", "author": 1, "created_time": "2018-09-14T00:49:12.882Z", "last_updated_time": "2018-09-14T00:49:12.882Z"}}, {"model": "blog.blog", "pk": 33, "fields": {"title": "for 26\u7bc7 ", "blog_type": 1, "content": "xxxxxxxxxx:26", "author": 1, "created_time": "2018-09-14T00:49:12.989Z", "last_updated_time": "2018-09-14T00:49:12.989Z"}}, {"model": "blog.blog", "pk": 34, "fields": {"title": "for 27\u7bc7 ", "blog_type": 1, "content": "xxxxxxxxxx:27", "author": 1, "created_time": "2018-09-14T00:49:13.083Z", "last_updated_time": "2018-09-14T00:49:13.083Z"}}, {"model": "blog.blog", "pk": 35, "fields": {"title": "for 28\u7bc7 ", "blog_type": 1, "content": "xxxxxxxxxx:28", "author": 1, "created_time": "2018-09-14T00:49:13.172Z", "last_updated_time": "2018-09-14T00:49:13.172Z"}}, {"model": "blog.blog", "pk": 36, "fields": {"title": "for 29\u7bc7 ", "blog_type": 1, "content": "xxxxxxxxxx:29", "author": 1, "created_time": "2018-09-14T00:49:13.271Z", "last_updated_time": "2018-09-14T00:49:13.271Z"}}, {"model": "blog.blog", "pk": 37, "fields": {"title": "for 30\u7bc7 ", "blog_type": 1, "content": "xxxxxxxxxx:30", "author": 1, "created_time": "2018-09-14T00:49:13.376Z", "last_updated_time": "2018-09-16T10:31:15.228Z"}}, {"model": "blog.blog", "pk": 38, "fields": {"title": "11/1\u65e5\u5fc3\u60c5", "blog_type": 3, "content": "<p>2018\u5e7411\u67081\u65e5\uff0c\u5fc3\u60c5\u751a\u662f\u4e0d\u597d\uff0c\u4eca\u65e5\u72c2\u98ce\u5927\u4f5c\uff0c\u66b4\u96e8\u4ea4\u52a0\uff0c\u6715\u72ec\u81ea\u5728\u5e7d\u6697\u7684\u516c\u4ea4\u7ad9\u7b49\u7740\u672b\u73ed\u516c\u4ea4\uff0c\u4e0d\u7531\u7684\u60f3\u8d77\u4e86\u4e00\u4e2a\u6545\u4e8b\uff0c\u7075\u5f02\u516c\u4ea4\u8f66\uff0c\u54c8\u54c8\u54c8\u54c8\u54c8\u54c8\u54c8\uff0c\u5413\u6b7b\u6211\u4e86\uff01\uff01</p>", "author": 1, "created_time": "2018-11-01T08:06:56.573Z", "last_updated_time": "2018-11-01T08:06:56.573Z"}}, {"model": "comment.comment", "pk": 1, "fields": {"content_type": 7, "object_id": 35, "text": "hhhhh", "comment_time": "2018-09-19T00:56:54.133Z", "user": 1}}, {"model": "comment.comment", "pk": 2, "fields": {"content_type": 7, "object_id": 35, "text": "\u4f60\u5927\u7237 fuck you", "comment_time": "2018-09-19T00:57:05.355Z", "user": 1}}, {"model": "comment.comment", "pk": 3, "fields": {"content_type": 7, "object_id": 35, "text": "\u5566\u5566\u5566\u5566", "comment_time": "2018-09-19T01:08:37.486Z", "user": 1}}, {"model": "comment.comment", "pk": 4, "fields": {"content_type": 7, "object_id": 37, "text": "hh", "comment_time": "2018-09-19T11:16:09.745Z", "user": 1}}, {"model": "comment.comment", "pk": 5, "fields": {"content_type": 7, "object_id": 37, "text": "\u65e5\u4f60\u5988", "comment_time": "2018-09-19T11:16:18.361Z", "user": 1}}, {"model": "comment.comment", "pk": 6, "fields": {"content_type": 7, "object_id": 37, "text": "\u4f60\u5927\u7237", "comment_time": "2018-09-19T11:16:22.582Z", "user": 1}}, {"model": "comment.comment", "pk": 7, "fields": {"content_type": 7, "object_id": 37, "text": "345", "comment_time": "2018-09-25T00:13:08.268Z", "user": 1}}, {"model": "comment.comment", "pk": 8, "fields": {"content_type": 7, "object_id": 38, "text": "\u54c8\u54c8\u54c8\u54c8", "comment_time": "2018-11-01T08:07:52.873Z", "user": 1}}, {"model": "comment.comment", "pk": 9, "fields": {"content_type": 7, "object_id": 38, "text": "\u4f60\u7279\u4e48", "comment_time": "2018-11-01T08:08:00.520Z", "user": 1}}, {"model": "admin.logentry", "pk": 1, "fields": {"action_time": "2018-09-12T00:00:39.543Z", "user": 1, "content_type": 8, "object_id": "1", "object_repr": "BlogType object (1)", "action_flag": 1, "change_message": "[{\"added\": {}}]"}}, {"model": "admin.logentry", "pk": 2, "fields": {"action_time": "2018-09-12T00:00:48.094Z", "user": 1, "content_type": 8, "object_id": "2", "object_repr": "BlogType object (2)", "action_flag": 1, "change_message": "[{\"added\": {}}]"}}, {"model": "admin.logentry", "pk": 3, "fields": {"action_time": "2018-09-12T00:00:53.036Z", "user": 1, "content_type": 8, "object_id": "3", "object_repr": "BlogType object (3)", "action_flag": 1, "change_message": "[{\"added\": {}}]"}}, {"model": "admin.logentry", "pk": 4, "fields": {"action_time": "2018-09-12T00:03:23.126Z", "user": 1, "content_type": 7, "object_id": "1", "object_repr": "<Blog:\u7b2c\u4e00\u7bc7\u535a\u5ba2>", "action_flag": 1, "change_message": "[{\"added\": {}}]"}}, {"model": "admin.logentry", "pk": 5, "fields": {"action_time": "2018-09-12T00:04:00.877Z", "user": 1, "content_type": 7, "object_id": "2", "object_repr": "<Blog:\u7b2c\u4e8c\u7bc7\u535a\u5ba2>", "action_flag": 1, "change_message": "[{\"added\": {}}]"}}, {"model": "admin.logentry", "pk": 6, "fields": {"action_time": "2018-09-12T00:29:04.437Z", "user": 1, "content_type": 7, "object_id": "3", "object_repr": "<Blog:\u7b2c\u4e09\u7bc7\u535a\u5ba2>", "action_flag": 1, "change_message": "[{\"added\": {}}]"}}, {"model": "admin.logentry", "pk": 7, "fields": {"action_time": "2018-09-12T10:18:53.420Z", "user": 1, "content_type": 7, "object_id": "4", "object_repr": "<Blog:\u7b2c\u56db\u7bc7\u535a\u5ba2>", "action_flag": 1, "change_message": "[{\"added\": {}}]"}}, {"model": "admin.logentry", "pk": 8, "fields": {"action_time": "2018-09-12T10:19:42.891Z", "user": 1, "content_type": 7, "object_id": "5", "object_repr": "<Blog:\u968f\u7b14\u4e8c>", "action_flag": 1, "change_message": "[{\"added\": {}}]"}}, {"model": "admin.logentry", "pk": 9, "fields": {"action_time": "2018-09-14T00:29:34.470Z", "user": 1, "content_type": 7, "object_id": "6", "object_repr": "<Blog:\u5b66\u4e60Django\u7684\u611f\u89c9>", "action_flag": 1, "change_message": "[{\"added\": {}}]"}}, {"model": "admin.logentry", "pk": 10, "fields": {"action_time": "2018-09-15T02:52:08.647Z", "user": 1, "content_type": 7, "object_id": "1", "object_repr": "<Blog:\u7b2c\u4e00\u7bc7\u535a\u5ba2>", "action_flag": 2, "change_message": "[{\"changed\": {\"fields\": [\"content\"]}}]"}}, {"model": "admin.logentry", "pk": 11, "fields": {"action_time": "2018-09-15T03:07:57.538Z", "user": 1, "content_type": 7, "object_id": "1", "object_repr": "<Blog:\u7b2c\u4e00\u7bc7\u535a\u5ba2>", "action_flag": 2, "change_message": "[{\"changed\": {\"fields\": [\"content\"]}}]"}}, {"model": "admin.logentry", "pk": 12, "fields": {"action_time": "2018-09-16T11:42:08.561Z", "user": 1, "content_type": 9, "object_id": "1", "object_repr": "ReadNum object (1)", "action_flag": 1, "change_message": "[{\"added\": {}}]"}}, {"model": "admin.logentry", "pk": 13, "fields": {"action_time": "2018-09-17T00:39:51.212Z", "user": 1, "content_type": 10, "object_id": "1", "object_repr": "ReadNum object (1)", "action_flag": 1, "change_message": "[{\"added\": {}}]"}}, {"model": "admin.logentry", "pk": 14, "fields": {"action_time": "2018-09-17T11:43:09.592Z", "user": 1, "content_type": 11, "object_id": "1", "object_repr": "ReadDetail object (1)", "action_flag": 1, "change_message": "[{\"added\": {}}]"}}, {"model": "admin.logentry", "pk": 15, "fields": {"action_time": "2018-09-17T11:43:57.944Z", "user": 1, "content_type": 11, "object_id": "2", "object_repr": "ReadDetail object (2)", "action_flag": 1, "change_message": "[{\"added\": {}}]"}}, {"model": "admin.logentry", "pk": 16, "fields": {"action_time": "2018-09-17T12:16:15.134Z", "user": 1, "content_type": 11, "object_id": "7", "object_repr": "ReadDetail object (7)", "action_flag": 2, "change_message": "[]"}}, {"model": "admin.logentry", "pk": 17, "fields": {"action_time": "2018-09-17T12:16:56.783Z", "user": 1, "content_type": 11, "object_id": "4", "object_repr": "ReadDetail object (4)", "action_flag": 2, "change_message": "[{\"changed\": {\"fields\": [\"date\"]}}]"}}, {"model": "admin.logentry", "pk": 18, "fields": {"action_time": "2018-09-17T12:17:08.533Z", "user": 1, "content_type": 11, "object_id": "2", "object_repr": "ReadDetail object (2)", "action_flag": 2, "change_message": "[{\"changed\": {\"fields\": [\"date\", \"read_num\"]}}]"}}, {"model": "admin.logentry", "pk": 19, "fields": {"action_time": "2018-09-17T12:17:19.746Z", "user": 1, "content_type": 11, "object_id": "6", "object_repr": "ReadDetail object (6)", "action_flag": 2, "change_message": "[{\"changed\": {\"fields\": [\"date\", \"read_num\"]}}]"}}, {"model": "admin.logentry", "pk": 20, "fields": {"action_time": "2018-09-17T12:18:01.549Z", "user": 1, "content_type": 11, "object_id": "7", "object_repr": "ReadDetail object (7)", "action_flag": 2, "change_message": "[{\"changed\": {\"fields\": [\"date\", \"read_num\"]}}]"}}, {"model": "admin.logentry", "pk": 21, "fields": {"action_time": "2018-09-17T12:18:12.837Z", "user": 1, "content_type": 11, "object_id": "4", "object_repr": "ReadDetail object (4)", "action_flag": 2, "change_message": "[{\"changed\": {\"fields\": [\"date\", \"read_num\"]}}]"}}, {"model": "admin.logentry", "pk": 22, "fields": {"action_time": "2018-09-17T12:18:22.017Z", "user": 1, "content_type": 11, "object_id": "3", "object_repr": "ReadDetail object (3)", "action_flag": 2, "change_message": "[{\"changed\": {\"fields\": [\"date\", \"read_num\"]}}]"}}, {"model": "admin.logentry", "pk": 23, "fields": {"action_time": "2018-09-17T12:18:31.527Z", "user": 1, "content_type": 11, "object_id": "1", "object_repr": "ReadDetail object (1)", "action_flag": 2, "change_message": "[{\"changed\": {\"fields\": [\"date\"]}}]"}}, {"model": "admin.logentry", "pk": 24, "fields": {"action_time": "2018-09-17T12:49:38.516Z", "user": 1, "content_type": 11, "object_id": "8", "object_repr": "ReadDetail object (8)", "action_flag": 1, "change_message": "[{\"added\": {}}]"}}, {"model": "admin.logentry", "pk": 25, "fields": {"action_time": "2018-09-17T12:49:54.269Z", "user": 1, "content_type": 11, "object_id": "9", "object_repr": "ReadDetail object (9)", "action_flag": 1, "change_message": "[{\"added\": {}}]"}}, {"model": "admin.logentry", "pk": 26, "fields": {"action_time": "2018-09-17T12:50:12.500Z", "user": 1, "content_type": 11, "object_id": "10", "object_repr": "ReadDetail object (10)", "action_flag": 1, "change_message": "[{\"added\": {}}]"}}, {"model": "admin.logentry", "pk": 27, "fields": {"action_time": "2018-11-01T08:06:56.590Z", "user": 1, "content_type": 7, "object_id": "38", "object_repr": "<Blog:11/1\u65e5\u5fc3\u60c5>", "action_flag": 1, "change_message": "[{\"added\": {}}]"}}]